Pattern,Retrieval,Window,Chunks,Chunking,Chunk Size,Faithfulness,Answer Correctness,LLM Judge,Citation Rate,Multilingual %,Combined,Final Score
Pattern4,simple,0,3,N/A,N/A,0.552,0.6216,0.8272727272727273,0.7272727272727273,0.09090909090909091,0.5868,0.552
Pattern3,window,3,5,N/A,N/A,0.4738,0.5929,0.8,0.8181818181818182,0.09090909090909091,0.53335,0.4738
Pattern8,window,5,3,N/A,N/A,0.4683,0.6071,0.8363636363636364,0.8636363636363636,0.045454545454545456,0.5377,0.4683
Pattern2,window,5,10,N/A,N/A,0.4606,0.6255,0.8363636363636364,0.8181818181818182,0.045454545454545456,0.54305,0.4606
Pattern5,window,3,10,N/A,N/A,0.4539,0.6214,0.8090909090909091,0.8181818181818182,0.09090909090909091,0.53765,0.4539
Pattern7,window,1,10,N/A,N/A,0.45,0.6165,0.8272727272727273,0.8636363636363636,0.09090909090909091,0.53325,0.45
Pattern6,window,3,3,N/A,N/A,0.4454,0.625,0.8181818181818182,0.7727272727272727,0.09090909090909091,0.5352,0.4454
Pattern9,window,1,3,N/A,N/A,0.4416,0.6142,0.8090909090909091,0.8636363636363636,0.045454545454545456,0.5279,0.4416
Pattern1,window,3,10,N/A,N/A,0.4189,0.6216,0.8181818181818182,0.8636363636363636,0.09090909090909091,0.52025,0.4189
