Pattern,Retrieval,Window,Chunks,Chunking,Chunk Size,Faithfulness,Answer Correctness,LLM Judge,Citation Rate,Multilingual %,Combined,Final Score
Pattern5,window,3,10,N/A,N/A,0.5258,0.6292,0.8181818181818182,0.8181818181818182,0.045454545454545456,0.5775,0.5258
Pattern4,simple,0,5,N/A,N/A,0.5168,0.6319,0.8181818181818182,0.8181818181818182,0.13636363636363635,0.57435,0.5168
Pattern2,window,1,10,N/A,N/A,0.4546,0.6328,0.8454545454545456,0.7727272727272727,0.18181818181818182,0.5437000000000001,0.4546
Pattern1,window,3,3,N/A,N/A,0.4477,0.5882,0.8454545454545456,0.8181818181818182,0.18181818181818182,0.5179499999999999,0.4477
Pattern3,window,5,10,N/A,N/A,0.4476,0.658,0.8363636363636364,0.7727272727272727,0.045454545454545456,0.5528,0.4476
